-- MySQL dump 10.13  Distrib 5.6.16, for osx10.7 (x86_64)
--
-- Host: localhost    Database: dfportal
-- ------------------------------------------------------
-- Server version	5.6.16

/*!40101 SET @OLD_CHARACTER_SET_CLIENT=@@CHARACTER_SET_CLIENT */;
/*!40101 SET @OLD_CHARACTER_SET_RESULTS=@@CHARACTER_SET_RESULTS */;
/*!40101 SET @OLD_COLLATION_CONNECTION=@@COLLATION_CONNECTION */;
/*!40101 SET NAMES utf8 */;
/*!40103 SET @OLD_TIME_ZONE=@@TIME_ZONE */;
/*!40103 SET TIME_ZONE='+00:00' */;
/*!40014 SET @OLD_UNIQUE_CHECKS=@@UNIQUE_CHECKS, UNIQUE_CHECKS=0 */;
/*!40014 SET @OLD_FOREIGN_KEY_CHECKS=@@FOREIGN_KEY_CHECKS, FOREIGN_KEY_CHECKS=0 */;
/*!40101 SET @OLD_SQL_MODE=@@SQL_MODE, SQL_MODE='NO_AUTO_VALUE_ON_ZERO' */;
/*!40111 SET @OLD_SQL_NOTES=@@SQL_NOTES, SQL_NOTES=0 */;

--
-- Table structure for table `account_types`
--

DROP TABLE IF EXISTS `account_types`;
/*!40101 SET @saved_cs_client     = @@character_set_client */;
/*!40101 SET character_set_client = utf8 */;
CREATE TABLE `account_types` (
  `id` tinyint(2) unsigned DEFAULT NULL,
  `name` varchar(16) DEFAULT NULL COMMENT 'Free,Basic,Plus,Premium'
) ENGINE=InnoDB DEFAULT CHARSET=latin1 COMMENT='Various account types clients can choose from';
/*!40101 SET character_set_client = @saved_cs_client */;

--
-- Dumping data for table `account_types`
--

LOCK TABLES `account_types` WRITE;
/*!40000 ALTER TABLE `account_types` DISABLE KEYS */;
INSERT INTO `account_types` VALUES (1,'Free'),(2,'Basic'),(3,'Plus'),(4,'Premium'),(99,'Admin');
/*!40000 ALTER TABLE `account_types` ENABLE KEYS */;
UNLOCK TABLES;

--
-- Table structure for table `api_keys`
--

DROP TABLE IF EXISTS `api_keys`;
/*!40101 SET @saved_cs_client     = @@character_set_client */;
/*!40101 SET character_set_client = utf8 */;
CREATE TABLE `api_keys` (
  `id` int(10) unsigned NOT NULL AUTO_INCREMENT,
  `client_id` int(10) unsigned DEFAULT NULL COMMENT 'Foreign key to client',
  `store_key` int(10) unsigned DEFAULT NULL COMMENT 'Key in the store dimension',
  `api_option_id` smallint(5) unsigned DEFAULT NULL,
  `alias` varchar(64) DEFAULT NULL COMMENT 'Name given by merchant to identify this key in dashfacts portal',
  `api_path` varchar(255) DEFAULT NULL COMMENT 'uri to 3rd party API',
  `token` varchar(255) DEFAULT NULL COMMENT 'alphanumeric string generated by 3rd party',
  `value` varchar(255) DEFAULT NULL COMMENT 'in case another token type value needed to be stored',
  `username` varchar(64) DEFAULT NULL COMMENT 'login name to api',
  `password` varchar(64) DEFAULT NULL COMMENT 'Encrypted password',
  `created_at` datetime DEFAULT NULL,
  `updated_at` datetime DEFAULT NULL,
  PRIMARY KEY (`id`),
  KEY `indx_client` (`client_id`),
  KEY `indx_store` (`store_key`)
) ENGINE=InnoDB AUTO_INCREMENT=13 DEFAULT CHARSET=latin1 COMMENT='One record for each API given by each merchant';
/*!40101 SET character_set_client = @saved_cs_client */;

--
-- Dumping data for table `api_keys`
--

LOCK TABLES `api_keys` WRITE;
/*!40000 ALTER TABLE `api_keys` DISABLE KEYS */;
INSERT INTO `api_keys` VALUES (1,1,1,1,'BC T-shirt store','mystore.bigcommerce.api','aafhOIHOIFQ9u0wfsfs',NULL,'testuser',NULL,'2014-05-14 19:19:55','2014-05-14 19:19:55'),(2,1,1,2,'Shopify T-shirt store','mystore.shopify.api','kljpoiioeqw9098LKJOjjl',NULL,'testuser',NULL,'2014-05-14 19:22:24','2014-05-14 19:22:24'),(3,1,1,3,'T-shirt GA Data','analytics.google.com','232LKJLKJ098khlkjl',NULL,'testuser',NULL,'2014-05-14 19:22:24','2014-05-14 19:22:24'),(4,NULL,NULL,NULL,'Test New Key','some.url.here.com','kjapoj09o09KJIJ',NULL,'testuser',NULL,'2014-05-15 19:31:05','2014-05-15 19:31:05'),(5,1,NULL,NULL,'2CO','store.2co.com','HOH09iu09Hhojlj0u0i',NULL,'testuser',NULL,'2014-05-15 19:33:05','2014-05-15 19:33:05'),(6,1,NULL,1,'2CO','some.url.here.com','GHKHKH09uukjlkkjlj',NULL,'testuser',NULL,'2014-05-15 19:34:45','2014-05-15 19:34:45'),(7,14,NULL,1,'BC Store','mystore.bigcommerce.com','HOH09iu09Hhojlj0u0i',NULL,'testuser',NULL,'2014-05-16 00:02:36','2014-05-16 00:02:36'),(8,14,NULL,1,'Shopify','coolstore.shopify.com','09809jLKJu09ujjk',NULL,'shopuser',NULL,'2014-05-16 00:14:07','2014-05-16 00:14:07'),(9,14,NULL,1,'Shopify','coolstore.shopify.com','09809jLKJu09ujjk',NULL,'shopuser',NULL,'2014-05-16 00:16:11','2014-05-16 00:16:11'),(10,14,NULL,1,'Google Analytics','mygoogleshit.here.com','HKLJO089lkjljlkj;lkj',NULL,'googleuser',NULL,'2014-05-16 00:16:45','2014-05-16 00:16:45'),(11,15,NULL,1,'BC Store','bcstore.bcstore.com','9009LKJLKj09ilkjlkj',NULL,'test',NULL,'2014-05-16 00:50:42','2014-05-16 00:50:42'),(12,15,NULL,1,'Google Analytics','mygoogleshit.here.com','Glkjlkj-0i-lkjlj',NULL,'googleuser',NULL,'2014-05-16 00:51:00','2014-05-16 00:51:00');
/*!40000 ALTER TABLE `api_keys` ENABLE KEYS */;
UNLOCK TABLES;

--
-- Table structure for table `api_options`
--

DROP TABLE IF EXISTS `api_options`;
/*!40101 SET @saved_cs_client     = @@character_set_client */;
/*!40101 SET character_set_client = utf8 */;
CREATE TABLE `api_options` (
  `id` smallint(5) unsigned NOT NULL AUTO_INCREMENT,
  `name` varchar(32) DEFAULT NULL COMMENT '3rd party data source Big Commerce, Shopify, Google, etc.',
  `status` char(1) DEFAULT NULL COMMENT '1=active, 0=disabled',
  `created_at` datetime DEFAULT NULL,
  `updated_at` datetime DEFAULT NULL,
  PRIMARY KEY (`id`)
) ENGINE=InnoDB AUTO_INCREMENT=4 DEFAULT CHARSET=latin1;
/*!40101 SET character_set_client = @saved_cs_client */;

--
-- Dumping data for table `api_options`
--

LOCK TABLES `api_options` WRITE;
/*!40000 ALTER TABLE `api_options` DISABLE KEYS */;
INSERT INTO `api_options` VALUES (1,'Big Commerce','1',NULL,NULL),(2,'Shopify','1',NULL,NULL),(3,'Google Analytics','1',NULL,NULL);
/*!40000 ALTER TABLE `api_options` ENABLE KEYS */;
UNLOCK TABLES;

--
-- Table structure for table `client_status_options`
--

DROP TABLE IF EXISTS `client_status_options`;
/*!40101 SET @saved_cs_client     = @@character_set_client */;
/*!40101 SET character_set_client = utf8 */;
CREATE TABLE `client_status_options` (
  `id` tinyint(2) unsigned DEFAULT NULL,
  `name` varchar(16) DEFAULT NULL,
  `active` tinyint(1) unsigned DEFAULT '1'
) ENGINE=InnoDB DEFAULT CHARSET=latin1;
/*!40101 SET character_set_client = @saved_cs_client */;

--
-- Dumping data for table `client_status_options`
--

LOCK TABLES `client_status_options` WRITE;
/*!40000 ALTER TABLE `client_status_options` DISABLE KEYS */;
INSERT INTO `client_status_options` VALUES (0,'pending',1),(1,'active',1),(2,'disabled',1),(3,'closed',1);
/*!40000 ALTER TABLE `client_status_options` ENABLE KEYS */;
UNLOCK TABLES;

--
-- Table structure for table `client_websites`
--

DROP TABLE IF EXISTS `client_websites`;
/*!40101 SET @saved_cs_client     = @@character_set_client */;
/*!40101 SET character_set_client = utf8 */;
CREATE TABLE `client_websites` (
  `id` int(10) unsigned NOT NULL AUTO_INCREMENT,
  `client_id` int(10) unsigned DEFAULT NULL COMMENT 'FK to clients',
  `url` varchar(255) DEFAULT NULL,
  `date_created` datetime DEFAULT NULL,
  `date_modifed` timestamp NOT NULL DEFAULT CURRENT_TIMESTAMP ON UPDATE CURRENT_TIMESTAMP,
  PRIMARY KEY (`id`),
  KEY `indx_client` (`client_id`)
) ENGINE=InnoDB DEFAULT CHARSET=latin1;
/*!40101 SET character_set_client = @saved_cs_client */;

--
-- Dumping data for table `client_websites`
--

LOCK TABLES `client_websites` WRITE;
/*!40000 ALTER TABLE `client_websites` DISABLE KEYS */;
/*!40000 ALTER TABLE `client_websites` ENABLE KEYS */;
UNLOCK TABLES;

--
-- Table structure for table `clients`
--

DROP TABLE IF EXISTS `clients`;
/*!40101 SET @saved_cs_client     = @@character_set_client */;
/*!40101 SET character_set_client = utf8 */;
CREATE TABLE `clients` (
  `id` int(10) unsigned NOT NULL AUTO_INCREMENT,
  `org_name` varchar(128) DEFAULT NULL,
  `first_name` varchar(64) DEFAULT NULL,
  `last_name` varchar(64) DEFAULT NULL,
  `username` varchar(16) DEFAULT NULL COMMENT 'Optional?',
  `account_type` tinyint(2) unsigned DEFAULT '1' COMMENT 'Foreign key to account_type',
  `status` char(1) DEFAULT NULL COMMENT '1=active, 2=disabled, 0=pending, 3=closed',
  `create_user_id` int(10) unsigned DEFAULT NULL,
  `created_at` datetime DEFAULT NULL,
  `updated_at` datetime DEFAULT NULL,
  PRIMARY KEY (`id`)
) ENGINE=InnoDB AUTO_INCREMENT=16 DEFAULT CHARSET=latin1 COMMENT='Dashfacts clients';
/*!40101 SET character_set_client = @saved_cs_client */;

--
-- Dumping data for table `clients`
--

LOCK TABLES `clients` WRITE;
/*!40000 ALTER TABLE `clients` DISABLE KEYS */;
INSERT INTO `clients` VALUES (1,'Dashfacts','Thomas','Wall','twall',99,'1',NULL,NULL,'2014-05-12 22:34:16'),(14,NULL,NULL,NULL,NULL,1,'1',12,'2014-05-15 23:29:56','2014-05-15 23:29:56'),(15,NULL,NULL,NULL,NULL,1,'1',13,'2014-05-16 00:49:59','2014-05-16 00:49:59');
/*!40000 ALTER TABLE `clients` ENABLE KEYS */;
UNLOCK TABLES;

--
-- Table structure for table `foo`
--

DROP TABLE IF EXISTS `foo`;
/*!40101 SET @saved_cs_client     = @@character_set_client */;
/*!40101 SET character_set_client = utf8 */;
CREATE TABLE `foo` (
  `id` int(11) DEFAULT NULL,
  `str` varchar(20) DEFAULT NULL
) ENGINE=InnoDB DEFAULT CHARSET=latin1;
/*!40101 SET character_set_client = @saved_cs_client */;

--
-- Dumping data for table `foo`
--

LOCK TABLES `foo` WRITE;
/*!40000 ALTER TABLE `foo` DISABLE KEYS */;
INSERT INTO `foo` VALUES (1,'hello'),(2,'whatup'),(3,'feed me'),(10,'Dayle'),(10,'Dayle'),(11,'Gayle');
/*!40000 ALTER TABLE `foo` ENABLE KEYS */;
UNLOCK TABLES;

--
-- Table structure for table `users`
--

DROP TABLE IF EXISTS `users`;
/*!40101 SET @saved_cs_client     = @@character_set_client */;
/*!40101 SET character_set_client = utf8 */;
CREATE TABLE `users` (
  `id` int(10) unsigned NOT NULL AUTO_INCREMENT,
  `client_id` int(10) unsigned DEFAULT NULL COMMENT 'FK to clients',
  `email` varchar(128) DEFAULT NULL,
  `username` varchar(20) DEFAULT NULL,
  `password` varchar(100) DEFAULT NULL,
  `password_temp` varchar(60) DEFAULT NULL,
  `code` varchar(60) DEFAULT NULL COMMENT 'Random character string for emails',
  `remember_token` varchar(60) DEFAULT NULL,
  `active` tinyint(1) unsigned DEFAULT '0',
  `created_at` datetime DEFAULT NULL,
  `updated_at` datetime DEFAULT NULL,
  PRIMARY KEY (`id`)
) ENGINE=InnoDB AUTO_INCREMENT=14 DEFAULT CHARSET=latin1;
/*!40101 SET character_set_client = @saved_cs_client */;

--
-- Dumping data for table `users`
--

LOCK TABLES `users` WRITE;
/*!40000 ALTER TABLE `users` DISABLE KEYS */;
INSERT INTO `users` VALUES (1,1,'tomwall.col@gmail.com',NULL,'$2y$10$rs3DV/1uei00JoLLHnbvFux6akDjamC6V880XzGS.MvZs3u3qgLpu',NULL,'','vSsfmpfXq8LpH5mYrt5bzOogDHzCn0sqf6p23y0uCI7N9lYPyTFsEWx4Ird7',1,'2014-05-11 00:19:37','2014-05-15 21:54:47'),(12,14,'walltaw@yahoo.com',NULL,'$2y$10$NJFhyndb5.7Jmod7u8hXLemZ8qq1gxj/ZH9phvn9SJ1Ee239Q4ArW',NULL,'','gvlsqC4FttDyfgC5jtUr0IDuoib4mo4MgzIlboheguxXSo6WiZxfUIAuw4W5',1,'2014-05-15 23:29:17','2014-05-16 01:56:35'),(13,15,'tawall@dashfacts.com',NULL,'$2y$10$S1s4BbqXN9Gqt5WhRxWj4.gfYF/WQS/Kzvg3ZjrXNjdLrC1m6HGta',NULL,'','apOuBe1OkuvrbHRQ8d8gao80jcdzH89ZXIHWmsNWFZgAdg4iH02K2KBQW62s',1,'2014-05-16 00:49:43','2014-05-16 00:51:16');
/*!40000 ALTER TABLE `users` ENABLE KEYS */;
UNLOCK TABLES;
/*!40103 SET TIME_ZONE=@OLD_TIME_ZONE */;

/*!40101 SET SQL_MODE=@OLD_SQL_MODE */;
/*!40014 SET FOREIGN_KEY_CHECKS=@OLD_FOREIGN_KEY_CHECKS */;
/*!40014 SET UNIQUE_CHECKS=@OLD_UNIQUE_CHECKS */;
/*!40101 SET CHARACTER_SET_CLIENT=@OLD_CHARACTER_SET_CLIENT */;
/*!40101 SET CHARACTER_SET_RESULTS=@OLD_CHARACTER_SET_RESULTS */;
/*!40101 SET COLLATION_CONNECTION=@OLD_COLLATION_CONNECTION */;
/*!40111 SET SQL_NOTES=@OLD_SQL_NOTES */;

-- Dump completed on 2014-05-16  6:49:38
